images,prices
https://www.carbon38.com/static/version1621494239/frontend/C38/default/en_US/images/images-log-reg-bg.jpg,"
            $58    "
https://www.carbon38.com/static/version1621494239/frontend/C38/default/en_US/images/images-log-reg-bg.jpg,"
            $120    "
https://www.carbon38.com/media/catalog/category/cache/200x300/DD-Story-1_051021-ER.jpg,"
            $39    "
https://www.carbon38.com/media/catalog/category/cache/200x300/DD-Story-4_042321-Wknd_1_.jpg,"
            $118    "
https://www.carbon38.com/media/catalog/category/cache/200x300/DD-Story-2_052021-Pstl.jpg,"
            $39    "
https://www.carbon38.com/media/catalog/category/cache/200x300/DD-Story-2_YOURMOVE1.jpg,"
            $88    "
https://www.carbon38.com/media/catalog/category/cache/200x300/DD-Story-3_YOURMOVE1.jpg,"
            $75    "
https://www.carbon38.com/media/catalog/category/cache/200x300/DD-Story-4_043021.jpg,"
            $118    "
https://www.carbon38.com/media/catalog/category/cache/200x300/DD-Story-2_050821_1_.jpg,"
            $165    "
https://www.carbon38.com/media/catalog/category/cache/200x300/DD-Story-2-051821-HPupdate.jpg,"
            $78    "
https://www.carbon38.com/media/catalog/category/cache/200x300/DD-Story-3_052221-Top3.jpg,"
            $128    "
https://www.carbon38.com/media/catalog/category/cache/200x300/DD-Story-4_0422-Earth_1_.jpg,"
            $98    "
https://www.carbon38.com/media/catalog/category/cache/200x300/DD-Story-1_050821_1.jpg,£31.00
https://www.carbon38.com/media/catalog/category/cache/200x300/DD-Story-3_042921-Shoe_1.jpg,US$39.00
https://www.carbon38.com/media/catalog/category/cache/200x300/DD-Story-2_042921-Shoe.jpg,CA$53.95
https://www.carbon38.com/media/catalog/category/cache/200x300/DD-Story-1_042921-Shoe_2.jpg,A$57.00
https://www.carbon38.com/media/catalog/category/cache/200x300/DD-Story-2_020121_Kumquat-Snake_1.jpg,A$57.00
https://www.carbon38.com/media/catalog/category/cache/200x300/DD-Story-2_011121_GTL-Hoodie_1.jpg,A$61.00
https://www.carbon38.com/media/catalog/category/cache/200x300/DD-Story-1_010121_Blocked-Animal-Capsule_1_.jpg,151.00 AED
https://www.carbon38.com/media/catalog/product/cache/d8483bac7abd457597641f9abf6ac74f/v/a/varl-var00736-whiwhi-arlee-tank-egret-0559.jpg,CN¥280.00
https://www.carbon38.com/media/catalog/product/cache/d8483bac7abd457597641f9abf6ac74f/v/a/varl-var00694-tiepin-keswick-sweatpant-taupe-tie-dye-0637.jpg,"
            $39    "
https://www.carbon38.com/media/catalog/product/cache/d8483bac7abd457597641f9abf6ac74f/c/a/carb-crb20507-blkblk-carbon38-crop-tank-2-0-tops-black-0337.jpg,£62.00
https://www.carbon38.com/media/catalog/product/cache/d8483bac7abd457597641f9abf6ac74f/v/a/varl-var00712-neusan-lyle-sweatshirt-sandshell-0516.jpg,US$78.00
https://www.carbon38.com/media/catalog/product/cache/d8483bac7abd457597641f9abf6ac74f/c/a/carb-crb20507-whiwhi-carbon38-crop-tank-2-0-tops-white-0282.jpg,CA$106.95
https://www.carbon38.com/media/catalog/product/cache/d8483bac7abd457597641f9abf6ac74f/c/a/carb-crb20403-pinmag-_compression-tops-magenta-1322.jpg,A$113.00
https://www.carbon38.com/media/catalog/product/cache/d8483bac7abd457597641f9abf6ac74f/c/a/carb-crb20304-blusky-takara-shine-tops-strong-blue-1407.jpg,A$113.00
https://www.carbon38.com/media/catalog/product/cache/d8483bac7abd457597641f9abf6ac74f/t/h/ther-th0c03zj-whiwhi-shoulder-pad-muscle-tee-white-5075.jpg,A$121.00
https://www.carbon38.com/media/catalog/product/cache/d8483bac7abd457597641f9abf6ac74f/m/a/made-mwlz049t-grablk-led-zeppelin-tee-coal-2312_1.jpg,301.00 AED
https://www.carbon38.com/media/catalog/product/cache/d8483bac7abd457597641f9abf6ac74f/c/a/carb-w158-bluaqu-ribbed-cami-bra-light-aqua-2590.jpg,CN¥560.00
https://www.carbon38.com/media/catalog/product/cache/d8483bac7abd457597641f9abf6ac74f/c/a/carb-crb20162-gryhgr-french-terry-crew-neck-sweatshirt-tops-heather-grey-1582_2_.jpg,"
            $78    "
https://www.carbon38.com/media/catalog/product/cache/d8483bac7abd457597641f9abf6ac74f/c/a/carb-crb20404-pinbpi-long-sleeve-top-in-diamond-compression-bubblegum-pink-1049.jpg,£62.00
https://www.carbon38.com/media/catalog/product/cache/d8483bac7abd457597641f9abf6ac74f/c/a/carb-crb193-whiwhi-sheer-crop-tank-white-0837.jpg,US$78.00
https://www.carbon38.com/media/catalog/product/cache/d8483bac7abd457597641f9abf6ac74f/c/a/carbon38-ribbed-cami-bra-tops-black-0058.jpg,CA$106.95
https://www.carbon38.com/media/catalog/product/cache/6e091be090c8b72d01c58f943b5c8631/c/a/carbon38-ribbed-7-8-legging-bottoms-black-0012.jpg,A$113.00
https://www.carbon38.com/media/catalog/product/cache/d8483bac7abd457597641f9abf6ac74f/c/a/carbon38-ribbed-cami-bra-tops-white-0063.jpg,A$113.00
https://www.carbon38.com/media/catalog/product/cache/6e091be090c8b72d01c58f943b5c8631/c/a/carbon38-ribbed-7-8-legging-bottoms-white-0027.jpg,A$121.00
https://www.carbon38.com/media/catalog/product/cache/d8483bac7abd457597641f9abf6ac74f/s/p/spir-su93676030-whiwhi-spiritual-gangster-row-crop-tops-white1499.jpg,301.00 AED
https://www.carbon38.com/media/catalog/product/cache/d8483bac7abd457597641f9abf6ac74f/c/a/carb-w235-neopin-carbon38-ribbed-tank-tops-neon-pink_1780.jpg,CN¥560.00
https://www.carbon38.com/media/catalog/product/cache/d8483bac7abd457597641f9abf6ac74f/r/e/redo-r242wtk1-tiemul-ribbed-tank-neon-spiral-dye-1512.jpg,"
            $78    "
https://www.carbon38.com/media/catalog/product/cache/d8483bac7abd457597641f9abf6ac74f/c/a/carb-crb20304-blkblk-carbon38-cami-tank-tops-black-0048.jpg,£46.00
https://www.carbon38.com/media/catalog/product/cache/6e091be090c8b72d01c58f943b5c8631/c/a/carb-crb20164-blkblk-carbon38-pant-bottoms-black_0425.jpg,US$58.00
https://www.carbon38.com/media/catalog/product/cache/d8483bac7abd457597641f9abf6ac74f/n/s/nsf-20344rtt-strblu-mira-square-_stripe-dye-5446.jpg,CA$79.95
https://www.carbon38.com/media/catalog/product/cache/d8483bac7abd457597641f9abf6ac74f/a/l/aloy-w2564r-whi-alo-yoga-cover-tank-tops-white_2363.jpg,A$84.00
https://www.carbon38.com/media/catalog/product/cache/d8483bac7abd457597641f9abf6ac74f/c/a/carb-crb20303-blkblk-carbon38-action-fitted-tank-tops-black_1553.jpg,A$84.00
https://www.carbon38.com/media/catalog/product/cache/6e091be090c8b72d01c58f943b5c8631/c/a/carb-crb20165-blkblk-carbon38-high-rise-full-length-super-soft-legging-bottoms-black-0615.jpg,224.00 AED
https://www.carbon38.com/media/catalog/product/cache/d8483bac7abd457597641f9abf6ac74f/c/a/carb-w235-pinhot-carbon38-ribbed-tank-tops-magenta-0992.jpg,CN¥417.00
https://www.carbon38.com/media/catalog/product/cache/d8483bac7abd457597641f9abf6ac74f/c/a/carbon38-ribbed-tank-tops-white-0061.jpg,"MX$1,326.00"
https://www.carbon38.com/media/catalog/product/cache/6e091be090c8b72d01c58f943b5c8631/c/a/carbon38-ribbed-7-8-legging-bottoms-white-0027.jpg,"
            $58    "
https://www.carbon38.com/media/catalog/product/cache/d8483bac7abd457597641f9abf6ac74f/c/a/carb-crb21012b-leoora-seamed-longline-bra-orange-animal-camo-1279_1.jpg,"
            $88    "
https://www.carbon38.com/media/catalog/product/cache/d8483bac7abd457597641f9abf6ac74f/c/a/carb-crb21248-blkblk-tie-front-tee-black-11346.jpg,"
            $135    "
https://www.carbon38.com/media/catalog/product/cache/d8483bac7abd457597641f9abf6ac74f/c/a/carb-crb21248-whiwhi-tie-front-tee-white-5209.jpg,£60.00
https://www.carbon38.com/media/catalog/product/cache/d8483bac7abd457597641f9abf6ac74f/c/a/carb-crb20506-whiwhi-carbon38-short-sleeve-tee-2-0-tops-white-0273.jpg,US$75.00
https://www.carbon38.com/media/catalog/product/cache/d8483bac7abd457597641f9abf6ac74f/c/a/carb-crb20506-blkblk-carbon38-short-sleeve-tee-2-0-tops-black-0276.jpg,CA$102.95
https://www.carbon38.com/media/catalog/product/cache/d8483bac7abd457597641f9abf6ac74f/c/a/carb-crb20303-redtom-action-tank-in-cloud-compression-fire-0618.jpg,A$109.00
https://www.carbon38.com/media/catalog/product/cache/d8483bac7abd457597641f9abf6ac74f/c/a/carb-crb20303-whiwhi-carbon38-action-fitted-tank-tops-white_1669.jpg,A$109.00
https://www.carbon38.com/media/catalog/product/cache/d8483bac7abd457597641f9abf6ac74f/c/a/carb-hr100kr-tiebmu-tie-dye-cropped-hoodie-cobalt-icy-blue-2947.jpg,290.00 AED
https://www.carbon38.com/media/catalog/product/cache/d8483bac7abd457597641f9abf6ac74f/t/h/ther-th0f05uj-whiwhi-substance-jersey-knot-one-shoulder-tank-white-3591.jpg,CN¥539.00
https://www.carbon38.com/media/catalog/product/cache/d8483bac7abd457597641f9abf6ac74f/c/a/carb-crb21086-blkblk-open-back-tee-black-1311.jpg,"MX$1,715.00"
https://www.carbon38.com/media/catalog/product/cache/d8483bac7abd457597641f9abf6ac74f/c/a/carb-crb21086-whiwhi-open-back-tee-white-1246.jpg,"
            $75    "
https://www.carbon38.com/media/catalog/product/cache/d8483bac7abd457597641f9abf6ac74f/c/a/carb-crb21024-geoblk-houndstooth-jacquard-high-neck-x-back-bra-black-white_2665.jpg,"
            $135    "
https://www.carbon38.com/media/catalog/product/cache/d8483bac7abd457597641f9abf6ac74f/c/a/carb-lat127-tiebmu-tie-dye-crop-tank-cobalt-icy-blue-3005.jpg,£43.00
https://www.carbon38.com/media/catalog/product/cache/d8483bac7abd457597641f9abf6ac74f/c/a/carb-crb21247-whiwhi-twist-front-tank-white-5196.jpg,US$54.00
https://www.carbon38.com/media/catalog/product/cache/d8483bac7abd457597641f9abf6ac74f/c/a/carb-crb21247-blkblk-twist-front-tank-black-5198.jpg,"57,95 €"
https://www.carbon38.com/media/catalog/product/cache/d8483bac7abd457597641f9abf6ac74f/c/a/carb-crb21065-grnlim-two-tone-rib-tank-w-shelf-bra-lt.-lime-1747.jpg,CA$74.95
https://www.carbon38.com/media/catalog/product/cache/d8483bac7abd457597641f9abf6ac74f/c/a/carb-w158-grnsag-ribbed-cami-bra-pistachio-1566_1.jpg,A$78.00
https://www.carbon38.com/media/catalog/product/cache/d8483bac7abd457597641f9abf6ac74f/c/a/carb-crb21079-blkblk-ribbed-short-sleeve-cropped-tee-black-4563.jpg,A$78.00
https://www.carbon38.com/media/catalog/product/cache/d8483bac7abd457597641f9abf6ac74f/c/a/carb-crb21079-whiwhi-ribbed-short-sleeve-cropped-tee-white_2106.jpg,A$84.00
https://www.carbon38.com/media/catalog/product/cache/d8483bac7abd457597641f9abf6ac74f/c/a/carb-crb21080-whiwhi-easy-bra-friendly-tank-white-5181.jpg,"101,00 AWG"
https://www.carbon38.com/media/catalog/product/cache/d8483bac7abd457597641f9abf6ac74f/c/a/carb-w235-grnsag-ribbed-tank-pistachio-1672_1.jpg,EC$175.00
https://www.carbon38.com/media/catalog/product/cache/d8483bac7abd457597641f9abf6ac74f/c/a/carb-crb21007-whiwhi-crop-t-shirt-white-1946.jpg,209.00 AED
https://www.carbon38.com/media/catalog/product/cache/d8483bac7abd457597641f9abf6ac74f/c/a/carb-crb20169-blkblk-carbon38-long-tank-w-cups-tops-black-0645.jpg,"253,00 PLN"
https://www.carbon38.com/media/catalog/product/cache/6e091be090c8b72d01c58f943b5c8631/c/a/carb-crb20165-blkblk-carbon38-high-rise-full-length-super-soft-legging-bottoms-black-0615.jpg,CN¥388.00
https://www.carbon38.com/media/catalog/product/cache/d8483bac7abd457597641f9abf6ac74f/c/a/carbon38-ribbed-tank-tops-black-0034.jpg,"1 468,00 UAH"
https://www.carbon38.com/media/catalog/product/cache/6e091be090c8b72d01c58f943b5c8631/c/a/carbon38-ribbed-7-8-legging-bottoms-black-0012.jpg,"3 501,00 RUB"
https://www.carbon38.com/media/catalog/product/cache/d8483bac7abd457597641f9abf6ac74f/k/l/kldfjsdflk23.jpg,"
            $54    "
https://www.carbon38.com/media/catalog/product/cache/d8483bac7abd457597641f9abf6ac74f/c/a/carb-crb21078-blkblk-ribbed-square-neck-tank-black_2262.jpg,£63.00
https://www.carbon38.com/media/catalog/product/cache/d8483bac7abd457597641f9abf6ac74f/c/a/carb-crb21078-whiwhi-ribbed-square-neck-tank-white_2151.jpg,US$79.00
https://www.carbon38.com/media/catalog/product/cache/d8483bac7abd457597641f9abf6ac74f/c/a/carb-crb21080-blkblk-easy-bra-friendly-tank-black-5173.jpg,CA$108.95
https://www.carbon38.com/media/catalog/product/cache/d8483bac7abd457597641f9abf6ac74f/c/a/carb-crb21004-whiwhi-foiled-crop-top-white-1978.jpg,A$114.00
https://www.carbon38.com/media/catalog/product/cache/d8483bac7abd457597641f9abf6ac74f/c/a/carb-crb21018-pinblh-bow-strap-ruched-tank-putty-pink-0657.jpg,A$114.00
https://www.carbon38.com/media/catalog/product/cache/d8483bac7abd457597641f9abf6ac74f/c/a/carb-crb21014-pinblh-ruched-back-full-length-tank-putty-pink-0713.jpg,305.00 AED
https://www.carbon38.com/media/catalog/product/cache/d8483bac7abd457597641f9abf6ac74f/c/a/carb-crb21032-whiwhi-high-neck-ruched-tank-white_1964.jpg,CN¥567.00
https://www.carbon38.com/media/catalog/product/cache/d8483bac7abd457597641f9abf6ac74f/c/a/carb-crb20404-pinmag-_top-in-diamond-compression-tops-magenta-1367.jpg,"MX$1,807.00"
https://www.carbon38.com/media/catalog/product/cache/d8483bac7abd457597641f9abf6ac74f/c/a/carb-crb21032-pinfuc-high-neck-ruched-tank-electric-pink_2065.jpg,"
            $79    "
https://www.carbon38.com/media/catalog/product/cache/d8483bac7abd457597641f9abf6ac74f/c/a/carb-crb21078-pinfuc-ribbed-square-neck-tank-electric-pink_2025.jpg,"
            $88    "
https://www.carbon38.com/media/catalog/product/cache/d8483bac7abd457597641f9abf6ac74f/s/u/sund-su214em40-blusky-biker-shorts-tile-2452.jpg,£70.00
https://www.carbon38.com/media/catalog/product/cache/d8483bac7abd457597641f9abf6ac74f/b/e/beyo-sd4382-pinhot-beyond-yoga-spacedye-slim-racerback-cropped-tank-tops-pink_glo-6301.jpg,US$88.00
https://www.carbon38.com/media/catalog/product/cache/6e091be090c8b72d01c58f943b5c8631/b/e/beyo-sd03243-pinhot-beyond-yoga-spacedye-high-waist-midi-legging-bottoms-pink_glo-6302.jpg,CA$120.95
https://www.carbon38.com/media/catalog/product/cache/d8483bac7abd457597641f9abf6ac74f/s/p/spir-sp13676011-tieblu-amor-crop-tank-aruba-tie-dye-2118.jpg,A$127.00
https://www.carbon38.com/media/catalog/product/cache/d8483bac7abd457597641f9abf6ac74f/b/e/beyo-sd4382-yelbye-spacedye-slim-racerback-cropped-tank-lemon-glow-1752.jpg,A$127.00
https://www.carbon38.com/media/catalog/product/cache/d8483bac7abd457597641f9abf6ac74f/p/a/pamg-s21st2279c-absgry-rhinestone-tie-dye-sweatshirt-stone-charcoal_1470.jpg,A$136.00
https://www.carbon38.com/media/catalog/product/cache/d8483bac7abd457597641f9abf6ac74f/c/a/carb-w235-bluaqu-ribbed-tank-light-aqua-2504.jpg,340.00 AED
https://www.carbon38.com/media/catalog/product/cache/d8483bac7abd457597641f9abf6ac74f/b/a/balm-bpf0g5150-metwhg-body-white-gold-lamina-1669.jpg,CN¥632.00
https://www.carbon38.com/media/catalog/product/cache/d8483bac7abd457597641f9abf6ac74f/b/e/beyo-py4382-leobrw-_cropped-tank-chai-cocoa-brown-leopard-1269.jpg,"
            $88    "
https://www.carbon38.com/media/catalog/product/cache/d8483bac7abd457597641f9abf6ac74f/i/s/isab-21ets043721e039i-gragry-zaffer-ecru-1482.jpg,"
            $78    "
https://www.carbon38.com/media/catalog/product/cache/d8483bac7abd457597641f9abf6ac74f/b/e/beyo-sd4382-blkblk-spacedye-slim-racerback-cropped-tank-darkest-night-1499.jpg,"
            $49    "
https://www.carbon38.com/media/catalog/product/cache/d8483bac7abd457597641f9abf6ac74f/i/s/isab-21esw030021e036i-colgry-menji-ecru-1542.jpg,"
            $49    "
https://www.carbon38.com/media/catalog/product/cache/d8483bac7abd457597641f9abf6ac74f/b/e/beyo-0sd4382-grylgr-beyond-yoga-spacedye-slim-racerback-tops-silver-mist_1621.jpg,"
            $49    "
https://www.carbon38.com/media/catalog/product/cache/d8483bac7abd457597641f9abf6ac74f/r/e/redo-r242wtk1-purlav-ribbed-tank-faded-orchid-1451.jpg,"
            $49    "
https://www.carbon38.com/media/catalog/product/cache/d8483bac7abd457597641f9abf6ac74f/s/k/skin-cmr13ah-blusky-ivy-tank-ballet-blue-2816.jpg,"
            $79    "
https://www.carbon38.com/media/catalog/product/cache/d8483bac7abd457597641f9abf6ac74f/f/g/fgnu6.jpg,£63.00
https://www.carbon38.com/media/catalog/product/cache/d8483bac7abd457597641f9abf6ac74f/c/a/carb-crb21052-blurbl-ribbed-cardigan-colbalt-blue-0407.jpg,US$79.00
https://www.carbon38.com/media/catalog/product/cache/d8483bac7abd457597641f9abf6ac74f/n/s/nsf-2677slbph-tieblu-moore-crewneck-boyfriend-tee-taupe-purple-haze-tie-dye-1828.jpg,CA$108.95
https://www.carbon38.com/media/catalog/product/cache/d8483bac7abd457597641f9abf6ac74f/c/a/carb-crb21062b-tiepin-lace-up-french-terry-crew-electric-pink-tie-dye_1682.jpg,A$114.00
https://www.carbon38.com/media/catalog/product/cache/d8483bac7abd457597641f9abf6ac74f/a/l/alix-22057-brwcam-hester-body-cognac-2018.jpg,A$114.00
https://www.carbon38.com/media/catalog/product/cache/d8483bac7abd457597641f9abf6ac74f/b/e/beyo-sd4382-brwdbw-spacedye-slim-racerback-cropped-tank-cocoa-brown_2605.jpg,305.00 AED
https://www.carbon38.com/media/catalog/product/cache/d8483bac7abd457597641f9abf6ac74f/l/u/lurv-lgfr284-pinblh-hidden-valley-sweat-soft-pink-4879.jpg,CN¥567.00
https://www.carbon38.com/media/catalog/product/cache/d8483bac7abd457597641f9abf6ac74f/n/o/noam-n412006-grnkha-cliff-bodysuit-khaki-1910.jpg,"MX$1,807.00"
https://www.carbon38.com/media/catalog/product/cache/d8483bac7abd457597641f9abf6ac74f/b/a/balm-bpm145140-blkblk-short-t-shirt-long-sleeves-black-1593_1.jpg,"
            $79    "
https://www.carbon38.com/media/catalog/product/cache/d8483bac7abd457597641f9abf6ac74f/l/n/lna-fw2019-whiwhi-double-cross_back-tank-white-0924.jpg,"
            $148    "
https://www.carbon38.com/media/catalog/product/cache/d8483bac7abd457597641f9abf6ac74f/l/u/lurv-lgfr282-pinblh-hidden-valley-midi-soft-pink-3135.jpg,"
            $125    "
https://www.carbon38.com/media/catalog/product/cache/d8483bac7abd457597641f9abf6ac74f/f/p/fpmo-ob1239362-whiwhi-please-and-thank-you-cami-white-1913.jpg,"
            $49    "
https://www.carbon38.com/media/catalog/product/cache/d8483bac7abd457597641f9abf6ac74f/s/p/spir-su93611002-grylgr-amor-crop-tank-shadow-3193.jpg,"
            $49    "
https://www.carbon38.com/media/catalog/product/cache/d8483bac7abd457597641f9abf6ac74f/c/a/carb-crb21064-pinfuc-ruffled-full-length-tank-w-shelf-bra-electric-pink_1802.jpg,"
            $88    "
https://www.carbon38.com/media/catalog/product/cache/d8483bac7abd457597641f9abf6ac74f/r/e/redo-0412wthls-tiepur-thermal-long-sleeve-tee-faded-orchid-1532.jpg,"
            $49    "
https://www.carbon38.com/media/catalog/product/cache/d8483bac7abd457597641f9abf6ac74f/n/o/noam-n426006-grycha-tawny-bodysuit-black-ice-1799.jpg,"
            $49    "
https://www.carbon38.com/media/catalog/product/cache/d8483bac7abd457597641f9abf6ac74f/a/d/adid-gu0751-yellye-wb-knit-t-shirt-mist-sun-11233.jpg,"
            $49    "
https://www.carbon38.com/media/catalog/product/cache/d8483bac7abd457597641f9abf6ac74f/s/p/spir-sp13611017-grawhi-dream-active-flow-top-white-2346.jpg,"
            $88    "
https://www.carbon38.com/media/catalog/product/cache/d8483bac7abd457597641f9abf6ac74f/t/h/ther-th0s05rf-brwsan-vital-rib-hardware-tank-dune-1638.jpg,"
            $78    "
https://www.carbon38.com/media/catalog/product/cache/d8483bac7abd457597641f9abf6ac74f/a/l/alix-12094-redrus-hart-body-rosewood-1917.jpg,"
            $48    "
https://www.carbon38.com/media/catalog/product/cache/d8483bac7abd457597641f9abf6ac74f/b/e/beyo-hr4542-brwdbw-square-neck-tank-cocoa-brown-heather_2833.jpg,"
            $48    "
https://www.carbon38.com/media/catalog/product/cache/d8483bac7abd457597641f9abf6ac74f/b/a/balm-bpf0b5170-blkblk-body-black-mesh-1706.jpg,"
            $39    "
https://www.carbon38.com/media/catalog/product/cache/d8483bac7abd457597641f9abf6ac74f/c/o/cott-w1146104-tieblu-the-ibiza-crop-tank-crystalline-splatter-1459.jpg,"
            $88    "
https://www.carbon38.com/media/catalog/product/cache/d8483bac7abd457597641f9abf6ac74f/c/o/cott-w112255-brwlbw-the-tokyo-crop-tee-vintage-java-1393.jpg,"
            $59    "
https://www.carbon38.com/media/catalog/product/cache/d8483bac7abd457597641f9abf6ac74f/c/o/cott-w214564-blusky-the-verona-crop-shirt-crystaline-1892.jpg,£63.00
https://www.carbon38.com/media/catalog/product/cache/d8483bac7abd457597641f9abf6ac74f/c/o/cott-w214564-blkblk-the-verona-crew-shirt-jet-black-2015.jpg,US$79.00
https://www.carbon38.com/media/catalog/product/cache/d8483bac7abd457597641f9abf6ac74f/s/p/spir-sp10411045-gragry-sgv-crop-tank-vintage-black-2184.jpg,CA$108.95
https://www.carbon38.com/media/catalog/product/cache/d8483bac7abd457597641f9abf6ac74f/s/p/spir-sp10411052-pinhot-sgv-active-crop-tank-raspberry-2257.jpg,A$114.00
https://www.carbon38.com/media/catalog/product/cache/d8483bac7abd457597641f9abf6ac74f/s/p/spir-su13611019-tiepas-gratitude-supernova-tank-pastel-swirl-tie-dye-1717.jpg,A$114.00
https://www.carbon38.com/media/catalog/product/cache/d8483bac7abd457597641f9abf6ac74f/p/o/port-shlxxspli0001-pinbpi-shoulder-piece-plie-1002.jpg,305.00 AED
https://www.carbon38.com/media/catalog/product/cache/d8483bac7abd457597641f9abf6ac74f/a/d/adid-h57645-colblk-wb-mesh-polo-vermillion-1168.jpg,CN¥567.00
https://www.carbon38.com/media/catalog/product/cache/d8483bac7abd457597641f9abf6ac74f/n/o/noam-n425006-blulbl-slash-bodysuit-iceberg-1741.jpg,"MX$1,807.00"
https://www.carbon38.com/media/catalog/product/cache/d8483bac7abd457597641f9abf6ac74f/r/e/redo-0922w6sst-neuowh-60s-short-sleeve-tee-off-white-1282.jpg,"
            $79    "
https://www.carbon38.com/media/catalog/product/cache/d8483bac7abd457597641f9abf6ac74f/r/e/redo-r242w6shl-whiwhi-60s-slim-henley-long-sleeve-optic-white-2331.jpg,£70.00
https://www.carbon38.com/media/catalog/product/cache/d8483bac7abd457597641f9abf6ac74f/p/r/proe-wl2127605-strbrw-striped-boucle-sweater-khaki-black-2046.jpg,US$88.00
https://www.carbon38.com/media/catalog/product/cache/d8483bac7abd457597641f9abf6ac74f/a/t/atm-aw1321gab-yellye-classic-jersey-short-sleeve-boy-tee-putty-2251.jpg,CA$120.95
https://www.carbon38.com/media/catalog/product/cache/d8483bac7abd457597641f9abf6ac74f/t/h/ther-th4t09rw-blkblk-mass-rib-cropped-turtleneck-jet-black-2082.jpg,A$127.00
https://www.carbon38.com/media/catalog/product/cache/d8483bac7abd457597641f9abf6ac74f/n/s/nsf-20340sbtp-tieneu-tricia-cold-shoulder-hoodie-sunbleached-taupe-1904.jpg,A$127.00
https://www.carbon38.com/media/catalog/product/cache/d8483bac7abd457597641f9abf6ac74f/p/a/patb-bob18164us-grablk-spotted-long-sleeve-bodysuit-black-cream-2299.jpg,A$136.00
https://www.carbon38.com/media/catalog/product/cache/d8483bac7abd457597641f9abf6ac74f/r/e/redo-0218wrgswst4-grawhi-classic-raglan-crewneck-peanuts-off-white-1342.jpg,340.00 AED
https://www.carbon38.com/media/catalog/product/cache/d8483bac7abd457597641f9abf6ac74f/r/e/redo-0242wlste7-grawhi-70s-loose-tee-i-don_t-do-mornings-vintage-white-1442.jpg,CN¥632.00
https://www.carbon38.com/media/catalog/product/cache/d8483bac7abd457597641f9abf6ac74f/r/e/redo-0215w7hz-tiemul-70s-half-zip-neon-space-dye-2282.jpg,"
            $88    "
https://www.carbon38.com/media/catalog/product/cache/d8483bac7abd457597641f9abf6ac74f/r/e/redo-0242wcgt180-grawhi-classic-tee-with-a-smile-vintage-white-1321.jpg,"
            $98    "
https://www.carbon38.com/media/catalog/product/cache/d8483bac7abd457597641f9abf6ac74f/j/o/jonas-1212089st-brwlbw-zella-terry-sweatshirt-cropped-pullover-cashew-1744.jpg,"
            $48    "
https://www.carbon38.com/media/catalog/product/cache/d8483bac7abd457597641f9abf6ac74f/j/o/jonas-1218009st-neuowh-channing-_shoulder-pad-bodysuit-egret-1996.jpg,"
            $48    "
https://www.carbon38.com/media/catalog/product/cache/d8483bac7abd457597641f9abf6ac74f/f/r/free-ob875992-whiwhi-love-tank-white-2052.jpg,"
            $39    "
https://www.carbon38.com/media/catalog/product/cache/d8483bac7abd457597641f9abf6ac74f/f/r/free-ob875992-pinhot-love-tank-miami-pink-2810.jpg,"
            $59    "
